id,name,created_at
1,Company 1,2024-01-01 00:00:00
2,Company 2,2024-01-01 00:00:00
3,Company 3,2024-01-01 00:00:00
4,Company 4,2024-01-01 00:00:00
5,Company 5,2024-01-01 00:00:00
6,Company 6,2024-01-01 00:00:00
7,Company 7,2024-01-01 00:00:00
8,Company 8,2024-01-01 00:00:00
9,Company 9,2024-01-01 00:00:00
10,Company 10,2024-01-01 00:00:00
11,Company 11,2024-01-01 00:00:00
12,Company 12,2024-01-01 00:00:00
13,Company 13,2024-01-01 00:00:00
14,Company 14,2024-01-01 00:00:00
15,Company 15,2024-01-01 00:00:00
16,Company 16,2024-01-01 00:00:00
17,Company 17,2024-01-01 00:00:00
18,Company 18,2024-01-01 00:00:00
19,Company 19,2024-01-01 00:00:00
20,Company 20,2024-01-01 00:00:00
