id,order_id,product_id,quantity,price
1,1,1,2,9.99
2,2,2,3,10.99
3,3,3,4,11.99
4,4,4,5,12.99
5,5,5,1,13.99
6,6,6,2,14.99
7,7,7,3,15.99
8,8,8,4,16.99
9,9,9,5,17.99
10,10,10,1,18.99
11,11,11,2,19.99
12,12,12,3,20.99
13,13,13,4,21.99
14,14,14,5,22.99
15,15,15,1,23.99
16,16,16,2,24.99
17,17,17,3,25.99
18,18,18,4,26.99
19,19,19,5,27.99
20,20,20,1,28.99
21,21,21,2,29.99
22,22,22,3,30.99
23,23,23,4,31.99
24,24,24,5,32.99
25,25,25,1,33.99
26,26,26,2,34.99
27,27,27,3,35.99
28,28,28,4,36.99
29,29,29,5,37.99
30,30,30,1,38.99
31,31,31,2,39.99
32,32,32,3,40.99
33,33,33,4,41.99
34,34,34,5,42.99
35,35,35,1,43.99
36,36,36,2,44.99
37,37,37,3,45.99
38,38,38,4,46.99
39,39,39,5,47.99
40,40,40,1,48.99
41,41,41,2,49.99
42,42,42,3,50.99
43,43,43,4,51.99
44,44,44,5,52.99
45,45,45,1,53.99
46,46,46,2,54.99
47,47,47,3,55.99
48,48,48,4,56.99
49,49,49,5,57.99
50,50,50,1,58.99
51,51,51,2,59.99
52,52,52,3,60.99
53,53,53,4,61.99
54,54,54,5,62.99
55,55,55,1,63.99
56,56,56,2,64.99
57,57,57,3,65.99
58,58,58,4,66.99
59,59,59,5,67.99
60,60,60,1,68.99
61,61,61,2,69.99
62,62,62,3,70.99
63,63,63,4,71.99
64,64,64,5,72.99
65,65,65,1,73.99
66,66,66,2,74.99
67,67,67,3,75.99
68,68,68,4,76.99
69,69,69,5,77.99
70,70,70,1,78.99
71,71,71,2,79.99
72,72,72,3,80.99
73,73,73,4,81.99
74,74,74,5,82.99
75,75,75,1,83.99
76,76,76,2,84.99
77,77,77,3,85.99
78,78,78,4,86.99
79,79,79,5,87.99
80,80,80,1,88.99
81,81,81,2,89.99
82,82,82,3,90.99
83,83,83,4,91.99
84,84,84,5,92.99
85,85,85,1,93.99
86,86,86,2,94.99
87,87,87,3,95.99
88,88,88,4,96.99
89,89,89,5,97.99
90,90,90,1,98.99
91,91,91,2,9.99
92,92,92,3,10.99
93,93,93,4,11.99
94,94,94,5,12.99
95,95,95,1,13.99
96,96,96,2,14.99
97,97,97,3,15.99
98,98,98,4,16.99
99,99,99,5,17.99
100,100,100,1,18.99
101,101,1,2,19.99
102,102,2,3,20.99
103,103,3,4,21.99
104,104,4,5,22.99
105,105,5,1,23.99
106,106,6,2,24.99
107,107,7,3,25.99
108,108,8,4,26.99
109,109,9,5,27.99
110,110,10,1,28.99
111,111,11,2,29.99
112,112,12,3,30.99
113,113,13,4,31.99
114,114,14,5,32.99
115,115,15,1,33.99
116,116,16,2,34.99
117,117,17,3,35.99
118,118,18,4,36.99
119,119,19,5,37.99
120,120,20,1,38.99
121,121,21,2,39.99
122,122,22,3,40.99
123,123,23,4,41.99
124,124,24,5,42.99
125,125,25,1,43.99
126,126,26,2,44.99
127,127,27,3,45.99
128,128,28,4,46.99
129,129,29,5,47.99
130,130,30,1,48.99
131,131,31,2,49.99
132,132,32,3,50.99
133,133,33,4,51.99
134,134,34,5,52.99
135,135,35,1,53.99
136,136,36,2,54.99
137,137,37,3,55.99
138,138,38,4,56.99
139,139,39,5,57.99
140,140,40,1,58.99
141,141,41,2,59.99
142,142,42,3,60.99
143,143,43,4,61.99
144,144,44,5,62.99
145,145,45,1,63.99
146,146,46,2,64.99
147,147,47,3,65.99
148,148,48,4,66.99
149,149,49,5,67.99
150,150,50,1,68.99
151,151,51,2,69.99
152,152,52,3,70.99
153,153,53,4,71.99
154,154,54,5,72.99
155,155,55,1,73.99
156,156,56,2,74.99
157,157,57,3,75.99
158,158,58,4,76.99
159,159,59,5,77.99
160,160,60,1,78.99
161,161,61,2,79.99
162,162,62,3,80.99
163,163,63,4,81.99
164,164,64,5,82.99
165,165,65,1,83.99
166,166,66,2,84.99
167,167,67,3,85.99
168,168,68,4,86.99
169,169,69,5,87.99
170,170,70,1,88.99
171,171,71,2,89.99
172,172,72,3,90.99
173,173,73,4,91.99
174,174,74,5,92.99
175,175,75,1,93.99
176,176,76,2,94.99
177,177,77,3,95.99
178,178,78,4,96.99
179,179,79,5,97.99
180,180,80,1,98.99
181,181,81,2,9.99
182,182,82,3,10.99
183,183,83,4,11.99
184,184,84,5,12.99
185,185,85,1,13.99
186,186,86,2,14.99
187,187,87,3,15.99
188,188,88,4,16.99
189,189,89,5,17.99
190,190,90,1,18.99
191,191,91,2,19.99
192,192,92,3,20.99
193,193,93,4,21.99
194,194,94,5,22.99
195,195,95,1,23.99
196,196,96,2,24.99
197,197,97,3,25.99
198,198,98,4,26.99
199,199,99,5,27.99
200,200,100,1,28.99
201,201,1,2,29.99
202,202,2,3,30.99
203,203,3,4,31.99
204,204,4,5,32.99
205,205,5,1,33.99
206,206,6,2,34.99
207,207,7,3,35.99
208,208,8,4,36.99
209,209,9,5,37.99
210,210,10,1,38.99
211,211,11,2,39.99
212,212,12,3,40.99
213,213,13,4,41.99
214,214,14,5,42.99
215,215,15,1,43.99
216,216,16,2,44.99
217,217,17,3,45.99
218,218,18,4,46.99
219,219,19,5,47.99
220,220,20,1,48.99
221,221,21,2,49.99
222,222,22,3,50.99
223,223,23,4,51.99
224,224,24,5,52.99
225,225,25,1,53.99
226,226,26,2,54.99
227,227,27,3,55.99
228,228,28,4,56.99
229,229,29,5,57.99
230,230,30,1,58.99
231,231,31,2,59.99
232,232,32,3,60.99
233,233,33,4,61.99
234,234,34,5,62.99
235,235,35,1,63.99
236,236,36,2,64.99
237,237,37,3,65.99
238,238,38,4,66.99
239,239,39,5,67.99
240,240,40,1,68.99
241,241,41,2,69.99
242,242,42,3,70.99
243,243,43,4,71.99
244,244,44,5,72.99
245,245,45,1,73.99
246,246,46,2,74.99
247,247,47,3,75.99
248,248,48,4,76.99
249,249,49,5,77.99
250,250,50,1,78.99
251,251,51,2,79.99
252,252,52,3,80.99
253,253,53,4,81.99
254,254,54,5,82.99
255,255,55,1,83.99
256,256,56,2,84.99
257,257,57,3,85.99
258,258,58,4,86.99
259,259,59,5,87.99
260,260,60,1,88.99
261,261,61,2,89.99
262,262,62,3,90.99
263,263,63,4,91.99
264,264,64,5,92.99
265,265,65,1,93.99
266,266,66,2,94.99
267,267,67,3,95.99
268,268,68,4,96.99
269,269,69,5,97.99
270,270,70,1,98.99
271,271,71,2,9.99
272,272,72,3,10.99
273,273,73,4,11.99
274,274,74,5,12.99
275,275,75,1,13.99
276,276,76,2,14.99
277,277,77,3,15.99
278,278,78,4,16.99
279,279,79,5,17.99
280,280,80,1,18.99
281,281,81,2,19.99
282,282,82,3,20.99
283,283,83,4,21.99
284,284,84,5,22.99
285,285,85,1,23.99
286,286,86,2,24.99
287,287,87,3,25.99
288,288,88,4,26.99
289,289,89,5,27.99
290,290,90,1,28.99
291,291,91,2,29.99
292,292,92,3,30.99
293,293,93,4,31.99
294,294,94,5,32.99
295,295,95,1,33.99
296,296,96,2,34.99
297,297,97,3,35.99
298,298,98,4,36.99
299,299,99,5,37.99
300,300,100,1,38.99
301,301,1,2,39.99
302,302,2,3,40.99
303,303,3,4,41.99
304,304,4,5,42.99
305,305,5,1,43.99
306,306,6,2,44.99
307,307,7,3,45.99
308,308,8,4,46.99
309,309,9,5,47.99
310,310,10,1,48.99
311,311,11,2,49.99
312,312,12,3,50.99
313,313,13,4,51.99
314,314,14,5,52.99
315,315,15,1,53.99
316,316,16,2,54.99
317,317,17,3,55.99
318,318,18,4,56.99
319,319,19,5,57.99
320,320,20,1,58.99
321,321,21,2,59.99
322,322,22,3,60.99
323,323,23,4,61.99
324,324,24,5,62.99
325,325,25,1,63.99
326,326,26,2,64.99
327,327,27,3,65.99
328,328,28,4,66.99
329,329,29,5,67.99
330,330,30,1,68.99
331,331,31,2,69.99
332,332,32,3,70.99
333,333,33,4,71.99
334,334,34,5,72.99
335,335,35,1,73.99
336,336,36,2,74.99
337,337,37,3,75.99
338,338,38,4,76.99
339,339,39,5,77.99
340,340,40,1,78.99
341,341,41,2,79.99
342,342,42,3,80.99
343,343,43,4,81.99
344,344,44,5,82.99
345,345,45,1,83.99
346,346,46,2,84.99
347,347,47,3,85.99
348,348,48,4,86.99
349,349,49,5,87.99
350,350,50,1,88.99
351,351,51,2,89.99
352,352,52,3,90.99
353,353,53,4,91.99
354,354,54,5,92.99
355,355,55,1,93.99
356,356,56,2,94.99
357,357,57,3,95.99
358,358,58,4,96.99
359,359,59,5,97.99
360,360,60,1,98.99
361,361,61,2,9.99
362,362,62,3,10.99
363,363,63,4,11.99
364,364,64,5,12.99
365,365,65,1,13.99
366,366,66,2,14.99
367,367,67,3,15.99
368,368,68,4,16.99
369,369,69,5,17.99
370,370,70,1,18.99
371,371,71,2,19.99
372,372,72,3,20.99
373,373,73,4,21.99
374,374,74,5,22.99
375,375,75,1,23.99
376,376,76,2,24.99
377,377,77,3,25.99
378,378,78,4,26.99
379,379,79,5,27.99
380,380,80,1,28.99
381,381,81,2,29.99
382,382,82,3,30.99
383,383,83,4,31.99
384,384,84,5,32.99
385,385,85,1,33.99
386,386,86,2,34.99
387,387,87,3,35.99
388,388,88,4,36.99
389,389,89,5,37.99
390,390,90,1,38.99
391,391,91,2,39.99
392,392,92,3,40.99
393,393,93,4,41.99
394,394,94,5,42.99
395,395,95,1,43.99
396,396,96,2,44.99
397,397,97,3,45.99
398,398,98,4,46.99
399,399,99,5,47.99
400,400,100,1,48.99
401,401,1,2,49.99
402,402,2,3,50.99
403,403,3,4,51.99
404,404,4,5,52.99
405,405,5,1,53.99
406,406,6,2,54.99
407,407,7,3,55.99
408,408,8,4,56.99
409,409,9,5,57.99
410,410,10,1,58.99
411,411,11,2,59.99
412,412,12,3,60.99
413,413,13,4,61.99
414,414,14,5,62.99
415,415,15,1,63.99
416,416,16,2,64.99
417,417,17,3,65.99
418,418,18,4,66.99
419,419,19,5,67.99
420,420,20,1,68.99
421,421,21,2,69.99
422,422,22,3,70.99
423,423,23,4,71.99
424,424,24,5,72.99
425,425,25,1,73.99
426,426,26,2,74.99
427,427,27,3,75.99
428,428,28,4,76.99
429,429,29,5,77.99
430,430,30,1,78.99
431,431,31,2,79.99
432,432,32,3,80.99
433,433,33,4,81.99
434,434,34,5,82.99
435,435,35,1,83.99
436,436,36,2,84.99
437,437,37,3,85.99
438,438,38,4,86.99
439,439,39,5,87.99
440,440,40,1,88.99
441,441,41,2,89.99
442,442,42,3,90.99
443,443,43,4,91.99
444,444,44,5,92.99
445,445,45,1,93.99
446,446,46,2,94.99
447,447,47,3,95.99
448,448,48,4,96.99
449,449,49,5,97.99
450,450,50,1,98.99
451,451,51,2,9.99
452,452,52,3,10.99
453,453,53,4,11.99
454,454,54,5,12.99
455,455,55,1,13.99
456,456,56,2,14.99
457,457,57,3,15.99
458,458,58,4,16.99
459,459,59,5,17.99
460,460,60,1,18.99
461,461,61,2,19.99
462,462,62,3,20.99
463,463,63,4,21.99
464,464,64,5,22.99
465,465,65,1,23.99
466,466,66,2,24.99
467,467,67,3,25.99
468,468,68,4,26.99
469,469,69,5,27.99
470,470,70,1,28.99
471,471,71,2,29.99
472,472,72,3,30.99
473,473,73,4,31.99
474,474,74,5,32.99
475,475,75,1,33.99
476,476,76,2,34.99
477,477,77,3,35.99
478,478,78,4,36.99
479,479,79,5,37.99
480,480,80,1,38.99
481,481,81,2,39.99
482,482,82,3,40.99
483,483,83,4,41.99
484,484,84,5,42.99
485,485,85,1,43.99
486,486,86,2,44.99
487,487,87,3,45.99
488,488,88,4,46.99
489,489,89,5,47.99
490,490,90,1,48.99
491,491,91,2,49.99
492,492,92,3,50.99
493,493,93,4,51.99
494,494,94,5,52.99
495,495,95,1,53.99
496,496,96,2,54.99
497,497,97,3,55.99
498,498,98,4,56.99
499,499,99,5,57.99
500,500,100,1,58.99
501,1,1,2,59.99
502,2,2,3,60.99
503,3,3,4,61.99
504,4,4,5,62.99
505,5,5,1,63.99
506,6,6,2,64.99
507,7,7,3,65.99
508,8,8,4,66.99
509,9,9,5,67.99
510,10,10,1,68.99
511,11,11,2,69.99
512,12,12,3,70.99
513,13,13,4,71.99
514,14,14,5,72.99
515,15,15,1,73.99
516,16,16,2,74.99
517,17,17,3,75.99
518,18,18,4,76.99
519,19,19,5,77.99
520,20,20,1,78.99
521,21,21,2,79.99
522,22,22,3,80.99
523,23,23,4,81.99
524,24,24,5,82.99
525,25,25,1,83.99
526,26,26,2,84.99
527,27,27,3,85.99
528,28,28,4,86.99
529,29,29,5,87.99
530,30,30,1,88.99
531,31,31,2,89.99
532,32,32,3,90.99
533,33,33,4,91.99
534,34,34,5,92.99
535,35,35,1,93.99
536,36,36,2,94.99
537,37,37,3,95.99
538,38,38,4,96.99
539,39,39,5,97.99
540,40,40,1,98.99
541,41,41,2,9.99
542,42,42,3,10.99
543,43,43,4,11.99
544,44,44,5,12.99
545,45,45,1,13.99
546,46,46,2,14.99
547,47,47,3,15.99
548,48,48,4,16.99
549,49,49,5,17.99
550,50,50,1,18.99
551,51,51,2,19.99
552,52,52,3,20.99
553,53,53,4,21.99
554,54,54,5,22.99
555,55,55,1,23.99
556,56,56,2,24.99
557,57,57,3,25.99
558,58,58,4,26.99
559,59,59,5,27.99
560,60,60,1,28.99
561,61,61,2,29.99
562,62,62,3,30.99
563,63,63,4,31.99
564,64,64,5,32.99
565,65,65,1,33.99
566,66,66,2,34.99
567,67,67,3,35.99
568,68,68,4,36.99
569,69,69,5,37.99
570,70,70,1,38.99
571,71,71,2,39.99
572,72,72,3,40.99
573,73,73,4,41.99
574,74,74,5,42.99
575,75,75,1,43.99
576,76,76,2,44.99
577,77,77,3,45.99
578,78,78,4,46.99
579,79,79,5,47.99
580,80,80,1,48.99
581,81,81,2,49.99
582,82,82,3,50.99
583,83,83,4,51.99
584,84,84,5,52.99
585,85,85,1,53.99
586,86,86,2,54.99
587,87,87,3,55.99
588,88,88,4,56.99
589,89,89,5,57.99
590,90,90,1,58.99
591,91,91,2,59.99
592,92,92,3,60.99
593,93,93,4,61.99
594,94,94,5,62.99
595,95,95,1,63.99
596,96,96,2,64.99
597,97,97,3,65.99
598,98,98,4,66.99
599,99,99,5,67.99
600,100,100,1,68.99
601,101,1,2,69.99
602,102,2,3,70.99
603,103,3,4,71.99
604,104,4,5,72.99
605,105,5,1,73.99
606,106,6,2,74.99
607,107,7,3,75.99
608,108,8,4,76.99
609,109,9,5,77.99
610,110,10,1,78.99
611,111,11,2,79.99
612,112,12,3,80.99
613,113,13,4,81.99
614,114,14,5,82.99
615,115,15,1,83.99
616,116,16,2,84.99
617,117,17,3,85.99
618,118,18,4,86.99
619,119,19,5,87.99
620,120,20,1,88.99
621,121,21,2,89.99
622,122,22,3,90.99
623,123,23,4,91.99
624,124,24,5,92.99
625,125,25,1,93.99
626,126,26,2,94.99
627,127,27,3,95.99
628,128,28,4,96.99
629,129,29,5,97.99
630,130,30,1,98.99
631,131,31,2,9.99
632,132,32,3,10.99
633,133,33,4,11.99
634,134,34,5,12.99
635,135,35,1,13.99
636,136,36,2,14.99
637,137,37,3,15.99
638,138,38,4,16.99
639,139,39,5,17.99
640,140,40,1,18.99
641,141,41,2,19.99
642,142,42,3,20.99
643,143,43,4,21.99
644,144,44,5,22.99
645,145,45,1,23.99
646,146,46,2,24.99
647,147,47,3,25.99
648,148,48,4,26.99
649,149,49,5,27.99
650,150,50,1,28.99
651,151,51,2,29.99
652,152,52,3,30.99
653,153,53,4,31.99
654,154,54,5,32.99
655,155,55,1,33.99
656,156,56,2,34.99
657,157,57,3,35.99
658,158,58,4,36.99
659,159,59,5,37.99
660,160,60,1,38.99
661,161,61,2,39.99
662,162,62,3,40.99
663,163,63,4,41.99
664,164,64,5,42.99
665,165,65,1,43.99
666,166,66,2,44.99
667,167,67,3,45.99
668,168,68,4,46.99
669,169,69,5,47.99
670,170,70,1,48.99
671,171,71,2,49.99
672,172,72,3,50.99
673,173,73,4,51.99
674,174,74,5,52.99
675,175,75,1,53.99
676,176,76,2,54.99
677,177,77,3,55.99
678,178,78,4,56.99
679,179,79,5,57.99
680,180,80,1,58.99
681,181,81,2,59.99
682,182,82,3,60.99
683,183,83,4,61.99
684,184,84,5,62.99
685,185,85,1,63.99
686,186,86,2,64.99
687,187,87,3,65.99
688,188,88,4,66.99
689,189,89,5,67.99
690,190,90,1,68.99
691,191,91,2,69.99
692,192,92,3,70.99
693,193,93,4,71.99
694,194,94,5,72.99
695,195,95,1,73.99
696,196,96,2,74.99
697,197,97,3,75.99
698,198,98,4,76.99
699,199,99,5,77.99
700,200,100,1,78.99
701,201,1,2,79.99
702,202,2,3,80.99
703,203,3,4,81.99
704,204,4,5,82.99
705,205,5,1,83.99
706,206,6,2,84.99
707,207,7,3,85.99
708,208,8,4,86.99
709,209,9,5,87.99
710,210,10,1,88.99
711,211,11,2,89.99
712,212,12,3,90.99
713,213,13,4,91.99
714,214,14,5,92.99
715,215,15,1,93.99
716,216,16,2,94.99
717,217,17,3,95.99
718,218,18,4,96.99
719,219,19,5,97.99
720,220,20,1,98.99
721,221,21,2,9.99
722,222,22,3,10.99
723,223,23,4,11.99
724,224,24,5,12.99
725,225,25,1,13.99
726,226,26,2,14.99
727,227,27,3,15.99
728,228,28,4,16.99
729,229,29,5,17.99
730,230,30,1,18.99
731,231,31,2,19.99
732,232,32,3,20.99
733,233,33,4,21.99
734,234,34,5,22.99
735,235,35,1,23.99
736,236,36,2,24.99
737,237,37,3,25.99
738,238,38,4,26.99
739,239,39,5,27.99
740,240,40,1,28.99
741,241,41,2,29.99
742,242,42,3,30.99
743,243,43,4,31.99
744,244,44,5,32.99
745,245,45,1,33.99
746,246,46,2,34.99
747,247,47,3,35.99
748,248,48,4,36.99
749,249,49,5,37.99
750,250,50,1,38.99
751,251,51,2,39.99
752,252,52,3,40.99
753,253,53,4,41.99
754,254,54,5,42.99
755,255,55,1,43.99
756,256,56,2,44.99
757,257,57,3,45.99
758,258,58,4,46.99
759,259,59,5,47.99
760,260,60,1,48.99
761,261,61,2,49.99
762,262,62,3,50.99
763,263,63,4,51.99
764,264,64,5,52.99
765,265,65,1,53.99
766,266,66,2,54.99
767,267,67,3,55.99
768,268,68,4,56.99
769,269,69,5,57.99
770,270,70,1,58.99
771,271,71,2,59.99
772,272,72,3,60.99
773,273,73,4,61.99
774,274,74,5,62.99
775,275,75,1,63.99
776,276,76,2,64.99
777,277,77,3,65.99
778,278,78,4,66.99
779,279,79,5,67.99
780,280,80,1,68.99
781,281,81,2,69.99
782,282,82,3,70.99
783,283,83,4,71.99
784,284,84,5,72.99
785,285,85,1,73.99
786,286,86,2,74.99
787,287,87,3,75.99
788,288,88,4,76.99
789,289,89,5,77.99
790,290,90,1,78.99
791,291,91,2,79.99
792,292,92,3,80.99
793,293,93,4,81.99
794,294,94,5,82.99
795,295,95,1,83.99
796,296,96,2,84.99
797,297,97,3,85.99
798,298,98,4,86.99
799,299,99,5,87.99
800,300,100,1,88.99
801,301,1,2,89.99
802,302,2,3,90.99
803,303,3,4,91.99
804,304,4,5,92.99
805,305,5,1,93.99
806,306,6,2,94.99
807,307,7,3,95.99
808,308,8,4,96.99
809,309,9,5,97.99
810,310,10,1,98.99
811,311,11,2,9.99
812,312,12,3,10.99
813,313,13,4,11.99
814,314,14,5,12.99
815,315,15,1,13.99
816,316,16,2,14.99
817,317,17,3,15.99
818,318,18,4,16.99
819,319,19,5,17.99
820,320,20,1,18.99
821,321,21,2,19.99
822,322,22,3,20.99
823,323,23,4,21.99
824,324,24,5,22.99
825,325,25,1,23.99
826,326,26,2,24.99
827,327,27,3,25.99
828,328,28,4,26.99
829,329,29,5,27.99
830,330,30,1,28.99
831,331,31,2,29.99
832,332,32,3,30.99
833,333,33,4,31.99
834,334,34,5,32.99
835,335,35,1,33.99
836,336,36,2,34.99
837,337,37,3,35.99
838,338,38,4,36.99
839,339,39,5,37.99
840,340,40,1,38.99
841,341,41,2,39.99
842,342,42,3,40.99
843,343,43,4,41.99
844,344,44,5,42.99
845,345,45,1,43.99
846,346,46,2,44.99
847,347,47,3,45.99
848,348,48,4,46.99
849,349,49,5,47.99
850,350,50,1,48.99
851,351,51,2,49.99
852,352,52,3,50.99
853,353,53,4,51.99
854,354,54,5,52.99
855,355,55,1,53.99
856,356,56,2,54.99
857,357,57,3,55.99
858,358,58,4,56.99
859,359,59,5,57.99
860,360,60,1,58.99
861,361,61,2,59.99
862,362,62,3,60.99
863,363,63,4,61.99
864,364,64,5,62.99
865,365,65,1,63.99
866,366,66,2,64.99
867,367,67,3,65.99
868,368,68,4,66.99
869,369,69,5,67.99
870,370,70,1,68.99
871,371,71,2,69.99
872,372,72,3,70.99
873,373,73,4,71.99
874,374,74,5,72.99
875,375,75,1,73.99
876,376,76,2,74.99
877,377,77,3,75.99
878,378,78,4,76.99
879,379,79,5,77.99
880,380,80,1,78.99
881,381,81,2,79.99
882,382,82,3,80.99
883,383,83,4,81.99
884,384,84,5,82.99
885,385,85,1,83.99
886,386,86,2,84.99
887,387,87,3,85.99
888,388,88,4,86.99
889,389,89,5,87.99
890,390,90,1,88.99
891,391,91,2,89.99
892,392,92,3,90.99
893,393,93,4,91.99
894,394,94,5,92.99
895,395,95,1,93.99
896,396,96,2,94.99
897,397,97,3,95.99
898,398,98,4,96.99
899,399,99,5,97.99
900,400,100,1,98.99
901,401,1,2,9.99
902,402,2,3,10.99
903,403,3,4,11.99
904,404,4,5,12.99
905,405,5,1,13.99
906,406,6,2,14.99
907,407,7,3,15.99
908,408,8,4,16.99
909,409,9,5,17.99
910,410,10,1,18.99
911,411,11,2,19.99
912,412,12,3,20.99
913,413,13,4,21.99
914,414,14,5,22.99
915,415,15,1,23.99
916,416,16,2,24.99
917,417,17,3,25.99
918,418,18,4,26.99
919,419,19,5,27.99
920,420,20,1,28.99
921,421,21,2,29.99
922,422,22,3,30.99
923,423,23,4,31.99
924,424,24,5,32.99
925,425,25,1,33.99
926,426,26,2,34.99
927,427,27,3,35.99
928,428,28,4,36.99
929,429,29,5,37.99
930,430,30,1,38.99
931,431,31,2,39.99
932,432,32,3,40.99
933,433,33,4,41.99
934,434,34,5,42.99
935,435,35,1,43.99
936,436,36,2,44.99
937,437,37,3,45.99
938,438,38,4,46.99
939,439,39,5,47.99
940,440,40,1,48.99
941,441,41,2,49.99
942,442,42,3,50.99
943,443,43,4,51.99
944,444,44,5,52.99
945,445,45,1,53.99
946,446,46,2,54.99
947,447,47,3,55.99
948,448,48,4,56.99
949,449,49,5,57.99
950,450,50,1,58.99
951,451,51,2,59.99
952,452,52,3,60.99
953,453,53,4,61.99
954,454,54,5,62.99
955,455,55,1,63.99
956,456,56,2,64.99
957,457,57,3,65.99
958,458,58,4,66.99
959,459,59,5,67.99
960,460,60,1,68.99
961,461,61,2,69.99
962,462,62,3,70.99
963,463,63,4,71.99
964,464,64,5,72.99
965,465,65,1,73.99
966,466,66,2,74.99
967,467,67,3,75.99
968,468,68,4,76.99
969,469,69,5,77.99
970,470,70,1,78.99
971,471,71,2,79.99
972,472,72,3,80.99
973,473,73,4,81.99
974,474,74,5,82.99
975,475,75,1,83.99
976,476,76,2,84.99
977,477,77,3,85.99
978,478,78,4,86.99
979,479,79,5,87.99
980,480,80,1,88.99
981,481,81,2,89.99
982,482,82,3,90.99
983,483,83,4,91.99
984,484,84,5,92.99
985,485,85,1,93.99
986,486,86,2,94.99
987,487,87,3,95.99
988,488,88,4,96.99
989,489,89,5,97.99
990,490,90,1,98.99
991,491,91,2,9.99
992,492,92,3,10.99
993,493,93,4,11.99
994,494,94,5,12.99
995,495,95,1,13.99
996,496,96,2,14.99
997,497,97,3,15.99
998,498,98,4,16.99
999,499,99,5,17.99
1000,500,100,1,18.99
1001,1,1,2,19.99
1002,2,2,3,20.99
1003,3,3,4,21.99
1004,4,4,5,22.99
1005,5,5,1,23.99
1006,6,6,2,24.99
1007,7,7,3,25.99
1008,8,8,4,26.99
1009,9,9,5,27.99
1010,10,10,1,28.99
1011,11,11,2,29.99
1012,12,12,3,30.99
1013,13,13,4,31.99
1014,14,14,5,32.99
1015,15,15,1,33.99
1016,16,16,2,34.99
1017,17,17,3,35.99
1018,18,18,4,36.99
1019,19,19,5,37.99
1020,20,20,1,38.99
1021,21,21,2,39.99
1022,22,22,3,40.99
1023,23,23,4,41.99
1024,24,24,5,42.99
1025,25,25,1,43.99
1026,26,26,2,44.99
1027,27,27,3,45.99
1028,28,28,4,46.99
1029,29,29,5,47.99
1030,30,30,1,48.99
1031,31,31,2,49.99
1032,32,32,3,50.99
1033,33,33,4,51.99
1034,34,34,5,52.99
1035,35,35,1,53.99
1036,36,36,2,54.99
1037,37,37,3,55.99
1038,38,38,4,56.99
1039,39,39,5,57.99
1040,40,40,1,58.99
1041,41,41,2,59.99
1042,42,42,3,60.99
1043,43,43,4,61.99
1044,44,44,5,62.99
1045,45,45,1,63.99
1046,46,46,2,64.99
1047,47,47,3,65.99
1048,48,48,4,66.99
1049,49,49,5,67.99
1050,50,50,1,68.99
1051,51,51,2,69.99
1052,52,52,3,70.99
1053,53,53,4,71.99
1054,54,54,5,72.99
1055,55,55,1,73.99
1056,56,56,2,74.99
1057,57,57,3,75.99
1058,58,58,4,76.99
1059,59,59,5,77.99
1060,60,60,1,78.99
1061,61,61,2,79.99
1062,62,62,3,80.99
1063,63,63,4,81.99
1064,64,64,5,82.99
1065,65,65,1,83.99
1066,66,66,2,84.99
1067,67,67,3,85.99
1068,68,68,4,86.99
1069,69,69,5,87.99
1070,70,70,1,88.99
1071,71,71,2,89.99
1072,72,72,3,90.99
1073,73,73,4,91.99
1074,74,74,5,92.99
1075,75,75,1,93.99
1076,76,76,2,94.99
1077,77,77,3,95.99
1078,78,78,4,96.99
1079,79,79,5,97.99
1080,80,80,1,98.99
1081,81,81,2,9.99
1082,82,82,3,10.99
1083,83,83,4,11.99
1084,84,84,5,12.99
1085,85,85,1,13.99
1086,86,86,2,14.99
1087,87,87,3,15.99
1088,88,88,4,16.99
1089,89,89,5,17.99
1090,90,90,1,18.99
1091,91,91,2,19.99
1092,92,92,3,20.99
1093,93,93,4,21.99
1094,94,94,5,22.99
1095,95,95,1,23.99
1096,96,96,2,24.99
1097,97,97,3,25.99
1098,98,98,4,26.99
1099,99,99,5,27.99
1100,100,100,1,28.99
1101,101,1,2,29.99
1102,102,2,3,30.99
1103,103,3,4,31.99
1104,104,4,5,32.99
1105,105,5,1,33.99
1106,106,6,2,34.99
1107,107,7,3,35.99
1108,108,8,4,36.99
1109,109,9,5,37.99
1110,110,10,1,38.99
1111,111,11,2,39.99
1112,112,12,3,40.99
1113,113,13,4,41.99
1114,114,14,5,42.99
1115,115,15,1,43.99
1116,116,16,2,44.99
1117,117,17,3,45.99
1118,118,18,4,46.99
1119,119,19,5,47.99
1120,120,20,1,48.99
1121,121,21,2,49.99
1122,122,22,3,50.99
1123,123,23,4,51.99
1124,124,24,5,52.99
1125,125,25,1,53.99
1126,126,26,2,54.99
1127,127,27,3,55.99
1128,128,28,4,56.99
1129,129,29,5,57.99
1130,130,30,1,58.99
1131,131,31,2,59.99
1132,132,32,3,60.99
1133,133,33,4,61.99
1134,134,34,5,62.99
1135,135,35,1,63.99
1136,136,36,2,64.99
1137,137,37,3,65.99
1138,138,38,4,66.99
1139,139,39,5,67.99
1140,140,40,1,68.99
1141,141,41,2,69.99
1142,142,42,3,70.99
1143,143,43,4,71.99
1144,144,44,5,72.99
1145,145,45,1,73.99
1146,146,46,2,74.99
1147,147,47,3,75.99
1148,148,48,4,76.99
1149,149,49,5,77.99
1150,150,50,1,78.99
1151,151,51,2,79.99
1152,152,52,3,80.99
1153,153,53,4,81.99
1154,154,54,5,82.99
1155,155,55,1,83.99
1156,156,56,2,84.99
1157,157,57,3,85.99
1158,158,58,4,86.99
1159,159,59,5,87.99
1160,160,60,1,88.99
1161,161,61,2,89.99
1162,162,62,3,90.99
1163,163,63,4,91.99
1164,164,64,5,92.99
1165,165,65,1,93.99
1166,166,66,2,94.99
1167,167,67,3,95.99
1168,168,68,4,96.99
1169,169,69,5,97.99
1170,170,70,1,98.99
1171,171,71,2,9.99
1172,172,72,3,10.99
1173,173,73,4,11.99
1174,174,74,5,12.99
1175,175,75,1,13.99
1176,176,76,2,14.99
1177,177,77,3,15.99
1178,178,78,4,16.99
1179,179,79,5,17.99
1180,180,80,1,18.99
1181,181,81,2,19.99
1182,182,82,3,20.99
1183,183,83,4,21.99
1184,184,84,5,22.99
1185,185,85,1,23.99
1186,186,86,2,24.99
1187,187,87,3,25.99
1188,188,88,4,26.99
1189,189,89,5,27.99
1190,190,90,1,28.99
1191,191,91,2,29.99
1192,192,92,3,30.99
1193,193,93,4,31.99
1194,194,94,5,32.99
1195,195,95,1,33.99
1196,196,96,2,34.99
1197,197,97,3,35.99
1198,198,98,4,36.99
1199,199,99,5,37.99
1200,200,100,1,38.99
1201,201,1,2,39.99
1202,202,2,3,40.99
1203,203,3,4,41.99
1204,204,4,5,42.99
1205,205,5,1,43.99
1206,206,6,2,44.99
1207,207,7,3,45.99
1208,208,8,4,46.99
1209,209,9,5,47.99
1210,210,10,1,48.99
1211,211,11,2,49.99
1212,212,12,3,50.99
1213,213,13,4,51.99
1214,214,14,5,52.99
1215,215,15,1,53.99
1216,216,16,2,54.99
1217,217,17,3,55.99
1218,218,18,4,56.99
1219,219,19,5,57.99
1220,220,20,1,58.99
1221,221,21,2,59.99
1222,222,22,3,60.99
1223,223,23,4,61.99
1224,224,24,5,62.99
1225,225,25,1,63.99
1226,226,26,2,64.99
1227,227,27,3,65.99
1228,228,28,4,66.99
1229,229,29,5,67.99
1230,230,30,1,68.99
1231,231,31,2,69.99
1232,232,32,3,70.99
1233,233,33,4,71.99
1234,234,34,5,72.99
1235,235,35,1,73.99
1236,236,36,2,74.99
1237,237,37,3,75.99
1238,238,38,4,76.99
1239,239,39,5,77.99
1240,240,40,1,78.99
1241,241,41,2,79.99
1242,242,42,3,80.99
1243,243,43,4,81.99
1244,244,44,5,82.99
1245,245,45,1,83.99
1246,246,46,2,84.99
1247,247,47,3,85.99
1248,248,48,4,86.99
1249,249,49,5,87.99
1250,250,50,1,88.99
1251,251,51,2,89.99
1252,252,52,3,90.99
1253,253,53,4,91.99
1254,254,54,5,92.99
1255,255,55,1,93.99
1256,256,56,2,94.99
1257,257,57,3,95.99
1258,258,58,4,96.99
1259,259,59,5,97.99
1260,260,60,1,98.99
1261,261,61,2,9.99
1262,262,62,3,10.99
1263,263,63,4,11.99
1264,264,64,5,12.99
1265,265,65,1,13.99
1266,266,66,2,14.99
1267,267,67,3,15.99
1268,268,68,4,16.99
1269,269,69,5,17.99
1270,270,70,1,18.99
1271,271,71,2,19.99
1272,272,72,3,20.99
1273,273,73,4,21.99
1274,274,74,5,22.99
1275,275,75,1,23.99
1276,276,76,2,24.99
1277,277,77,3,25.99
1278,278,78,4,26.99
1279,279,79,5,27.99
1280,280,80,1,28.99
1281,281,81,2,29.99
1282,282,82,3,30.99
1283,283,83,4,31.99
1284,284,84,5,32.99
1285,285,85,1,33.99
1286,286,86,2,34.99
1287,287,87,3,35.99
1288,288,88,4,36.99
1289,289,89,5,37.99
1290,290,90,1,38.99
1291,291,91,2,39.99
1292,292,92,3,40.99
1293,293,93,4,41.99
1294,294,94,5,42.99
1295,295,95,1,43.99
1296,296,96,2,44.99
1297,297,97,3,45.99
1298,298,98,4,46.99
1299,299,99,5,47.99
1300,300,100,1,48.99
1301,301,1,2,49.99
1302,302,2,3,50.99
1303,303,3,4,51.99
1304,304,4,5,52.99
1305,305,5,1,53.99
1306,306,6,2,54.99
1307,307,7,3,55.99
1308,308,8,4,56.99
1309,309,9,5,57.99
1310,310,10,1,58.99
1311,311,11,2,59.99
1312,312,12,3,60.99
1313,313,13,4,61.99
1314,314,14,5,62.99
1315,315,15,1,63.99
1316,316,16,2,64.99
1317,317,17,3,65.99
1318,318,18,4,66.99
1319,319,19,5,67.99
1320,320,20,1,68.99
1321,321,21,2,69.99
1322,322,22,3,70.99
1323,323,23,4,71.99
1324,324,24,5,72.99
1325,325,25,1,73.99
1326,326,26,2,74.99
1327,327,27,3,75.99
1328,328,28,4,76.99
1329,329,29,5,77.99
1330,330,30,1,78.99
1331,331,31,2,79.99
1332,332,32,3,80.99
1333,333,33,4,81.99
1334,334,34,5,82.99
1335,335,35,1,83.99
1336,336,36,2,84.99
1337,337,37,3,85.99
1338,338,38,4,86.99
1339,339,39,5,87.99
1340,340,40,1,88.99
1341,341,41,2,89.99
1342,342,42,3,90.99
1343,343,43,4,91.99
1344,344,44,5,92.99
1345,345,45,1,93.99
1346,346,46,2,94.99
1347,347,47,3,95.99
1348,348,48,4,96.99
1349,349,49,5,97.99
1350,350,50,1,98.99
1351,351,51,2,9.99
1352,352,52,3,10.99
1353,353,53,4,11.99
1354,354,54,5,12.99
1355,355,55,1,13.99
1356,356,56,2,14.99
1357,357,57,3,15.99
1358,358,58,4,16.99
1359,359,59,5,17.99
1360,360,60,1,18.99
1361,361,61,2,19.99
1362,362,62,3,20.99
1363,363,63,4,21.99
1364,364,64,5,22.99
1365,365,65,1,23.99
1366,366,66,2,24.99
1367,367,67,3,25.99
1368,368,68,4,26.99
1369,369,69,5,27.99
1370,370,70,1,28.99
1371,371,71,2,29.99
1372,372,72,3,30.99
1373,373,73,4,31.99
1374,374,74,5,32.99
1375,375,75,1,33.99
1376,376,76,2,34.99
1377,377,77,3,35.99
1378,378,78,4,36.99
1379,379,79,5,37.99
1380,380,80,1,38.99
1381,381,81,2,39.99
1382,382,82,3,40.99
1383,383,83,4,41.99
1384,384,84,5,42.99
1385,385,85,1,43.99
1386,386,86,2,44.99
1387,387,87,3,45.99
1388,388,88,4,46.99
1389,389,89,5,47.99
1390,390,90,1,48.99
1391,391,91,2,49.99
1392,392,92,3,50.99
1393,393,93,4,51.99
1394,394,94,5,52.99
1395,395,95,1,53.99
1396,396,96,2,54.99
1397,397,97,3,55.99
1398,398,98,4,56.99
1399,399,99,5,57.99
1400,400,100,1,58.99
1401,401,1,2,59.99
1402,402,2,3,60.99
1403,403,3,4,61.99
1404,404,4,5,62.99
1405,405,5,1,63.99
1406,406,6,2,64.99
1407,407,7,3,65.99
1408,408,8,4,66.99
1409,409,9,5,67.99
1410,410,10,1,68.99
1411,411,11,2,69.99
1412,412,12,3,70.99
1413,413,13,4,71.99
1414,414,14,5,72.99
1415,415,15,1,73.99
1416,416,16,2,74.99
1417,417,17,3,75.99
1418,418,18,4,76.99
1419,419,19,5,77.99
1420,420,20,1,78.99
1421,421,21,2,79.99
1422,422,22,3,80.99
1423,423,23,4,81.99
1424,424,24,5,82.99
1425,425,25,1,83.99
1426,426,26,2,84.99
1427,427,27,3,85.99
1428,428,28,4,86.99
1429,429,29,5,87.99
1430,430,30,1,88.99
1431,431,31,2,89.99
1432,432,32,3,90.99
1433,433,33,4,91.99
1434,434,34,5,92.99
1435,435,35,1,93.99
1436,436,36,2,94.99
1437,437,37,3,95.99
1438,438,38,4,96.99
1439,439,39,5,97.99
1440,440,40,1,98.99
1441,441,41,2,9.99
1442,442,42,3,10.99
1443,443,43,4,11.99
1444,444,44,5,12.99
1445,445,45,1,13.99
1446,446,46,2,14.99
1447,447,47,3,15.99
1448,448,48,4,16.99
1449,449,49,5,17.99
1450,450,50,1,18.99
1451,451,51,2,19.99
1452,452,52,3,20.99
1453,453,53,4,21.99
1454,454,54,5,22.99
1455,455,55,1,23.99
1456,456,56,2,24.99
1457,457,57,3,25.99
1458,458,58,4,26.99
1459,459,59,5,27.99
1460,460,60,1,28.99
1461,461,61,2,29.99
1462,462,62,3,30.99
1463,463,63,4,31.99
1464,464,64,5,32.99
1465,465,65,1,33.99
1466,466,66,2,34.99
1467,467,67,3,35.99
1468,468,68,4,36.99
1469,469,69,5,37.99
1470,470,70,1,38.99
1471,471,71,2,39.99
1472,472,72,3,40.99
1473,473,73,4,41.99
1474,474,74,5,42.99
1475,475,75,1,43.99
1476,476,76,2,44.99
1477,477,77,3,45.99
1478,478,78,4,46.99
1479,479,79,5,47.99
1480,480,80,1,48.99
1481,481,81,2,49.99
1482,482,82,3,50.99
1483,483,83,4,51.99
1484,484,84,5,52.99
1485,485,85,1,53.99
1486,486,86,2,54.99
1487,487,87,3,55.99
1488,488,88,4,56.99
1489,489,89,5,57.99
1490,490,90,1,58.99
1491,491,91,2,59.99
1492,492,92,3,60.99
1493,493,93,4,61.99
1494,494,94,5,62.99
1495,495,95,1,63.99
1496,496,96,2,64.99
1497,497,97,3,65.99
1498,498,98,4,66.99
1499,499,99,5,67.99
1500,500,100,1,68.99
